attendance_percent,internal_marks_30,assignment_percent,study_hours_per_day,previous_score_percent,performance
81.0,19.2,92.5,3.5,67.2,High
67.6,22.7,85.4,3.1,58.5,High
85.5,29.6,61.2,2.3,62.6,High
87.4,16.1,49.5,6.0,76.2,High
58.5,19.8,27.5,5.6,68.0,Medium
65.0,24.9,63.8,4.9,72.4,High
79.3,23.2,100.0,2.4,76.7,High
74.8,19.1,78.5,4.5,63.1,High
77.8,20.3,63.6,4.3,77.8,High
69.5,14.1,79.0,4.0,72.9,Medium
86.8,19.8,48.6,5.0,51.9,High
85.8,19.7,67.5,4.3,86.7,High
78.7,22.2,73.5,4.4,61.5,High
89.3,18.2,70.7,4.3,46.5,Medium
82.7,23.4,83.9,3.9,54.4,High
69.4,26.1,77.2,1.4,54.7,Medium
81.7,21.8,82.0,3.6,68.7,High
68.4,22.8,61.7,2.8,64.4,High
86.8,21.3,85.5,2.0,63.6,High
77.5,21.0,96.4,5.5,76.1,High
76.2,17.4,57.4,5.6,72.4,High
71.2,22.6,58.7,5.1,72.1,High
90.2,20.5,92.0,3.8,73.3,High
76.5,30.0,69.1,5.1,76.0,High
73.7,28.9,93.1,3.5,40.6,High
74.5,22.9,65.4,3.7,63.3,High
83.3,17.2,93.8,2.2,39.7,Medium
81.7,15.4,74.0,4.0,68.5,High
82.1,27.0,75.9,3.6,67.9,High
82.3,22.3,95.5,1.9,81.6,High
99.4,23.4,66.6,3.4,83.4,High
73.9,12.3,57.9,3.4,70.6,Low
72.9,25.6,65.3,5.7,61.5,Medium
69.9,23.3,78.8,4.6,74.3,High
84.2,15.4,48.5,3.5,61.1,Medium
89.3,18.6,81.6,3.8,68.0,High
76.9,22.3,63.9,3.6,80.8,High
69.6,21.3,89.2,3.3,60.7,High
69.8,19.5,36.1,2.2,78.5,High
84.5,20.5,60.2,3.3,76.8,High
85.4,19.7,46.7,2.6,55.6,Medium
83.4,21.8,59.6,2.0,80.7,High
71.3,28.4,75.7,4.1,77.1,High
80.3,8.2,69.3,4.0,69.3,Low
79.2,19.8,68.2,1.4,58.1,Medium
80.2,21.9,69.6,3.4,56.8,High
86.7,22.5,75.1,4.7,61.0,High
80.2,19.1,56.9,4.8,75.1,High
84.8,12.2,82.6,4.7,55.6,Medium
78.7,22.6,81.9,3.5,73.7,High
80.9,29.6,77.8,2.5,51.9,High
84.3,13.3,80.3,2.2,65.3,Low
63.4,25.3,76.4,3.9,69.4,High
74.8,19.4,100.0,4.0,99.8,High
73.3,20.7,70.7,5.0,50.1,Medium
71.6,15.7,67.4,4.8,87.1,Medium
75.2,19.3,60.7,3.3,69.9,Medium
92.9,27.5,56.5,2.0,73.3,High
69.3,23.9,53.3,3.1,69.5,Medium
87.7,29.7,58.7,3.8,73.8,High
61.2,26.9,70.9,3.3,66.0,Medium
74.7,23.2,77.0,2.8,86.9,High
79.6,29.7,72.8,3.8,62.1,High
83.9,23.2,60.5,2.9,82.7,High
85.1,25.1,85.5,2.7,59.6,High
85.9,19.5,83.1,3.9,67.2,High
74.5,21.3,69.6,3.0,54.1,Medium
73.4,17.5,62.2,3.8,73.9,High
86.6,25.9,80.2,3.8,86.8,High
76.1,15.1,74.8,2.1,67.0,Medium
65.2,24.9,50.3,2.9,65.4,Medium
66.7,20.0,71.0,5.2,53.5,Medium
68.8,26.9,75.9,2.1,65.0,High
83.0,24.8,58.5,1.0,47.3,Medium
79.4,30.0,74.8,1.3,56.1,High
84.9,24.7,50.2,3.5,70.9,High
73.7,13.1,92.0,3.5,85.1,High
79.6,20.7,90.7,3.4,100.0,High
84.3,15.1,68.2,5.0,60.4,Medium
74.9,18.4,77.5,0.5,86.7,High
82.6,28.6,35.9,4.0,71.2,High
71.4,24.2,54.7,5.4,66.0,High
74.4,17.5,67.6,2.1,73.6,Medium
74.2,15.9,55.9,3.0,68.8,Medium
66.0,21.2,82.7,2.6,69.4,High
82.9,14.9,100.0,2.4,62.7,High
73.3,17.6,54.4,3.1,49.8,Medium
78.1,22.6,59.4,5.2,47.9,High
82.8,26.8,75.5,5.7,76.5,High
82.5,24.0,96.2,3.1,64.4,High
84.7,9.5,53.7,5.8,60.3,Medium
77.0,22.5,75.7,3.5,68.1,High
73.8,21.4,99.3,5.6,78.3,High
77.2,23.1,47.2,3.4,70.3,High
61.1,29.1,52.8,3.7,59.5,Medium
63.5,10.7,65.6,3.9,83.9,High
64.8,18.0,64.2,7.0,88.5,High
68.0,24.0,84.2,4.5,74.4,High
82.0,13.1,75.6,2.7,80.7,High
68.9,28.4,45.4,4.7,84.1,High
74.2,22.8,79.7,3.1,82.7,High
91.0,25.2,63.3,2.9,76.0,High
74.4,18.1,91.1,4.6,75.8,Medium
85.4,25.1,62.6,3.5,74.8,High
68.7,26.3,62.5,3.8,53.7,High
75.9,22.2,80.1,3.5,77.1,High
68.5,22.2,83.4,3.9,50.4,Medium
74.6,22.4,78.7,4.0,57.7,High
86.4,16.7,46.7,1.2,84.9,Medium
60.7,20.3,80.1,4.3,78.9,High
82.3,20.2,56.5,2.3,87.3,High
80.4,22.9,75.5,1.8,64.5,High
72.1,26.0,50.6,3.4,53.0,Medium
63.5,15.7,78.7,3.6,64.9,Medium
78.7,20.4,59.9,2.7,69.3,Medium
72.7,28.4,52.8,4.5,69.0,High
80.3,17.3,82.7,1.9,82.7,Medium
78.2,16.9,75.6,3.0,63.3,High
94.0,22.0,62.8,2.8,72.6,High
75.6,25.2,93.8,3.4,55.1,High
67.8,21.1,65.4,3.8,73.9,Medium
79.8,27.6,72.5,2.3,68.0,High
80.2,25.3,76.0,4.4,58.3,High
91.6,25.2,62.7,3.6,64.9,High
86.4,23.8,79.1,1.2,65.6,High
81.6,30.0,64.0,1.1,64.5,High
92.6,20.0,65.8,3.5,91.0,High
66.1,11.0,92.4,3.2,66.7,Medium
71.6,29.0,56.4,3.4,64.8,High
68.7,18.7,35.8,3.5,40.7,Medium
74.1,21.5,96.2,3.8,56.4,High
64.2,27.5,100.0,4.6,64.6,Medium
84.4,13.0,65.9,2.2,59.1,Medium
75.8,14.7,42.9,2.1,86.0,Medium
63.3,13.0,67.3,2.2,65.9,Low
67.8,17.0,67.7,3.8,84.7,Medium
81.1,23.2,69.2,5.0,68.8,High
86.4,23.6,55.3,3.0,68.5,High
98.0,22.4,80.7,0.5,66.8,High
100.0,13.9,79.9,1.5,68.0,Medium
82.1,9.4,49.6,2.5,90.3,Medium
68.1,21.3,82.5,2.8,37.8,Medium
56.7,18.6,100.0,3.0,42.0,Medium
80.7,23.3,74.6,3.5,60.9,High
69.9,24.5,66.9,3.1,68.2,Medium
73.8,21.7,69.9,4.8,77.0,High
71.9,24.8,81.2,2.7,74.2,High
76.6,22.1,46.0,2.5,63.0,Medium
88.7,23.7,74.5,4.1,81.2,High
79.6,17.5,66.1,1.7,81.4,Medium
76.4,20.1,99.7,4.0,70.4,High
67.6,22.0,69.4,3.6,80.5,High
61.3,25.1,97.0,3.3,71.5,High
73.1,19.0,55.4,5.4,60.7,Medium
77.5,23.6,80.8,2.8,77.1,High
95.7,19.7,76.8,6.0,69.4,High
79.3,20.4,59.0,3.2,68.0,High
87.8,25.1,74.7,2.0,87.1,High
73.0,11.0,90.2,3.6,36.1,Low
66.2,14.5,67.1,2.2,49.6,Medium
68.3,13.6,46.6,2.6,52.6,Low
70.7,9.3,71.7,4.0,63.3,Medium
99.3,17.6,58.5,4.2,64.7,Medium
69.8,24.7,66.9,2.8,48.4,High
86.4,19.6,70.8,4.7,55.2,High
69.0,22.0,46.4,4.9,56.8,Medium
87.3,26.4,47.8,5.2,99.9,High
81.8,27.6,79.2,4.1,91.4,High
76.4,20.7,64.2,5.1,62.6,High
77.6,27.8,33.5,1.2,63.3,High
71.5,21.5,83.8,3.1,53.1,Medium
82.5,16.8,76.1,2.5,43.2,Medium
73.5,18.0,61.3,3.6,66.5,Medium
65.7,13.6,52.2,2.8,55.0,Medium
65.2,16.6,84.5,3.3,66.9,Medium
79.7,19.2,77.2,5.8,47.2,Medium
93.8,25.0,100.0,3.3,58.1,High
79.6,29.6,78.3,4.0,69.9,High
76.8,14.1,77.8,3.2,72.8,Medium
80.9,23.0,69.5,3.6,73.4,High
91.1,15.8,84.3,3.5,50.8,Medium
80.2,23.4,81.4,4.0,79.1,High
73.9,20.3,90.8,4.9,57.6,Medium
89.1,11.8,64.2,5.5,76.2,Medium
82.3,25.6,65.5,3.9,67.9,High
93.4,18.0,64.8,4.2,50.1,Medium
79.8,18.3,83.9,2.1,63.9,Medium
65.8,15.7,94.5,3.4,72.7,Low
64.3,17.7,65.1,4.6,76.0,Medium
94.5,23.1,65.6,4.5,66.2,High
95.2,20.1,76.7,3.8,87.9,High
76.2,22.6,68.3,4.6,81.1,High
74.2,22.8,86.3,4.1,64.7,Medium
92.6,27.6,38.2,4.9,77.8,High
66.9,19.3,59.6,3.8,93.1,High
69.1,13.6,60.3,3.1,93.5,Medium
84.4,26.3,37.2,3.9,52.0,High
74.1,19.3,57.5,0.5,56.0,Medium
77.9,26.6,58.3,4.0,87.3,High
76.4,22.9,69.0,0.5,54.2,Medium
81.4,20.3,88.7,1.4,50.8,Medium
92.1,22.7,68.3,4.0,61.7,High
78.9,30.0,56.5,4.1,73.5,High
84.4,30.0,71.1,2.1,66.7,High
57.5,21.3,87.7,2.6,59.5,High
77.5,21.8,57.4,5.1,59.2,High
69.6,26.4,58.3,2.9,58.7,High
65.8,16.8,80.4,6.2,56.6,Medium
69.2,22.7,68.7,3.5,97.7,High
74.7,20.9,81.7,4.0,71.9,High
87.2,22.6,71.8,5.4,79.5,High
64.7,16.8,82.5,3.7,61.6,Medium
78.3,13.1,56.5,2.3,65.6,Low
73.2,10.6,71.8,3.4,58.7,Medium
74.7,15.4,68.8,3.5,33.5,Medium
88.0,18.7,53.8,1.9,50.1,Medium
83.4,19.5,48.5,3.2,44.5,Medium
91.4,30.0,82.3,2.6,38.8,High
76.5,26.5,66.7,4.6,52.5,High
71.0,16.2,56.7,3.5,85.2,Medium
75.8,22.7,70.6,3.2,67.4,High
80.4,19.0,88.9,3.4,84.8,High
79.8,19.6,37.8,3.8,73.3,Medium
67.2,21.9,49.6,4.2,78.2,Medium
78.9,24.1,58.2,2.3,56.3,Medium
80.3,19.3,93.9,2.3,74.8,High
100.0,26.3,76.2,4.8,77.5,High
96.8,15.3,83.5,3.0,60.5,Medium
69.5,21.0,54.9,1.8,75.3,Medium
75.1,30.0,55.2,4.0,75.4,High
63.4,22.1,78.7,4.1,60.9,High
72.1,28.2,72.9,1.7,53.4,High
81.2,21.5,80.2,3.8,52.6,High
90.1,23.9,69.2,4.4,69.1,High
70.7,20.7,76.2,3.9,72.3,High
71.5,20.1,74.4,4.3,57.7,Medium
56.5,17.1,83.7,1.8,68.3,Medium
76.4,23.2,84.1,3.9,75.4,High
67.4,16.7,47.7,3.1,76.0,Medium
72.7,24.3,38.3,2.9,88.2,High
69.2,26.4,87.0,4.5,84.6,High
77.1,22.8,89.8,5.3,55.0,High
60.4,19.6,56.7,5.7,89.9,High
63.3,23.3,44.1,5.1,61.1,Medium
99.3,19.5,73.5,3.4,81.6,High
65.1,25.7,86.0,3.9,68.9,High
67.0,11.8,99.0,4.4,62.6,Medium
96.4,19.3,79.7,3.6,44.5,Medium
100.0,11.0,66.4,3.7,65.8,Medium
66.3,13.5,58.6,4.5,47.7,Low
